Column1;Column2;Column3;Column4;Column5;Column6;Column7
Source:;C:\Users\leand\Documents\University\Magistrale\SC\squadraCorse\SC19\DashBoard\Hardware\v1.1\Dash.sch;;;;;
Date:;16/04/2019 15:32:06;;;;;
Tool:;Eeschema (5.1.0)-1;;;;;
Generator:;C:\Program Files\KiCad\bin\scripting\plugins/bom_csv_grouped_by_value_with_fp.py;;;;;
Component Count:;96;;;;;
Ref;Qnty;Value;Cmp name;Footprint;Description;Vendor
C2, C3, C22, C5, C15, ;5;1u;C;Capacitor_SMD:C_0805_2012Metric_Pad1.15x1.40mm_HandSolder;Unpolarized capacitor;
C6, C34, ;2;10u;C;Capacitor_SMD:C_0805_2012Metric_Pad1.15x1.40mm_HandSolder;Unpolarized capacitor;
C21, C19, ;2;22n;C;Capacitor_SMD:C_0805_2012Metric_Pad1.15x1.40mm_HandSolder;Unpolarized capacitor;
C23, ;1;100u;C;Capacitor_SMD:C_0805_2012Metric_Pad1.15x1.40mm_HandSolder;Unpolarized capacitor;
C25, C29, C30, ;3;10p;C;Capacitor_SMD:C_0805_2012Metric_Pad1.15x1.40mm_HandSolder;Unpolarized capacitor;
C28, C27, C26, C24, C4, C16, C1, C17, C20, C32, C18, C33, ;12;100n;C;Capacitor_SMD:C_0805_2012Metric_Pad1.15x1.40mm_HandSolder;Unpolarized capacitor;
C31, ;1;4.7u;C;Capacitor_SMD:C_0805_2012Metric_Pad1.15x1.40mm_HandSolder;Unpolarized capacitor;
D1, ;1;D;D;Diode_SMD:D_SOD-123;Diode;
D3, D2, ;2;LED;LED;LED_SMD:LED_0805_2012Metric_Pad1.15x1.40mm_HandSolder;Light emitting diode;
D4, ;1;LED_RAGB;LED_RAGB;footprint:Kingbright PLCC4;RGB LED, red/anode/green/blue;
F1, ;1;Fuse;Fuse;Fuse:Fuse_0805_2012Metric_Pad1.15x1.40mm_HandSolder;Fuse;
FL1, ;1;ACT45B-220-2P-TL003;ACT45B-220-2P-TL003-ACT45B-220-2P-TL003;footprint:ACT45B;;
J1, ;1;Conn_02x05_Top_Bottom;Conn_02x05_Top_Bottom;Pin_Headers:Pin_Header_Straight_2x05_Pitch2.00mm;Generic connector, double row, 02x05, top/bottom pin numbering scheme (row 1: 1...pins_per_row, row2: pins_per_row+1 ... num_pins), script generated (kicad-library-utils/schlib/autogen/connector/);
J2, ;1;Conn_02x13_Counter_Clockwise;Conn_02x13_Counter_Clockwise;26pos:TE_9-6437287-8;Generic connector, double row, 02x13, counter clockwise pin numbering scheme (similar to DIP packge numbering), script generated (kicad-library-utils/schlib/autogen/connector/);
L1, ;1;L_Core_Ferrite;L_Core_Ferrite;Inductor_SMD:L_0603_1608Metric_Pad1.05x0.95mm_HandSolder;Inductor with ferrite core;
Q9, Q10, Q11, Q14, Q1, Q2, Q3, Q4, Q5, Q6, Q7, Q8, Q15, ;13;Q_NMOS_GSD;Q_NMOS_GSD;Package_TO_SOT_SMD:SOT-23;N-MOSFET transistor, gate/source/drain;
Q12, ;1;BC857BDW1;BC857BDW1;Package_TO_SOT_SMD:SOT-363_SC-70-6_Handsoldering;100mA IC, 45V Vce, Dual PNP/PNP Transistors, SOT-363;
Q13, ;1;Q_PMOS_GSD;Q_PMOS_GSD;Package_TO_SOT_SMD:SOT-23;P-MOSFET transistor, gate/source/drain;
R1, ;1;NM;R_US;Resistor_SMD:R_0603_1608Metric_Pad1.05x0.95mm_HandSolder;Resistor, US symbol;
R2, R36, R38, R41, R42, ;5;15k;R;Resistor_SMD:R_0603_1608Metric_Pad1.05x0.95mm_HandSolder;Resistor;
R3, R19, R20, R22, R6, R7, R8, R9, R10, R16, R17, R18, R37, R40, R11, R5, R4, R31, ;18;100k;R;Resistor_SMD:R_0603_1608Metric_Pad1.05x0.95mm_HandSolder;Resistor;
R14, R39, ;2;2k;R_US;Resistor_SMD:R_0603_1608Metric_Pad1.05x0.95mm_HandSolder;Resistor, US symbol;
R21, ;1;1.6k;R_US;Resistor_SMD:R_0603_1608Metric_Pad1.05x0.95mm_HandSolder;Resistor, US symbol;
R23, R24, R35, R33, ;4;1.2k;R;Resistor_SMD:R_0603_1608Metric_Pad1.05x0.95mm_HandSolder;Resistor;
R25, R28, R29, ;3;68.1k;R;Resistor_SMD:R_0603_1608Metric_Pad1.05x0.95mm_HandSolder;Resistor;
R27, R26, ;2;60;R_US;Resistor_SMD:R_0603_1608Metric_Pad1.05x0.95mm_HandSolder;Resistor, US symbol;
R30, ;1;11.8k;R;Resistor_SMD:R_0603_1608Metric_Pad1.05x0.95mm_HandSolder;Resistor;
R32, ;1;1.07k;R;Resistor_SMD:R_0603_1608Metric_Pad1.05x0.95mm_HandSolder;Resistor;
R34, ;1;5.62k;R;Resistor_SMD:R_0603_1608Metric_Pad1.05x0.95mm_HandSolder;Resistor;
SW1, ;1;SW_Push_Dual;SW_Push_Dual;footprint:pulsante;Push button switch, generic, symbol, four pins;
U1, ;1;STM32F303VCTx;STM32F303VCTx;Package_QFP:LQFP-100_14x14mm_P0.5mm;ARM Cortex-M4 MCU, 256KB flash, 40KB RAM, 72MHz, 2-3.6V, 87 GPIO, LQFP-100;
U2, ;1;SN65HVD234;SN65HVD234;Package_SO:SOIC-8_3.9x4.9mm_P1.27mm;CAN Bus Transceiver, 3.3V, 1Mbps, Enable feature, SOIC;
U3, ;1;LM1117-3.3;LM1117-3.3-Regulator_Linear;Package_TO_SOT_SMD:SOT-223;;
U4, ;1;24AA02-OT;24AA02-OT;Package_TO_SOT_SMD:SOT-23-5_HandSoldering;I2C Serial EEPROM, 2Kb, SOT-23;
U5, ;1;LMZ14202TZE-ADJ_NOPB;LMZ14202TZE-ADJ_NOPB-LMZ14202TZE-ADJ_NOPB;footprint:TO-PMOD-7;;
Z1, ;1;PESD2CAN,215;PESD2CAN,215-PESD2CAN_215;Package_TO_SOT_SMD:SOT-23;;
